ticker,rows,first_date,last_date,regime_days,pup_days,member_days,expected_member_days,coverage_pct,member_days_with_regime,cross_up_events,in_universe
A,5032,2006-07-10,2026-07-10,4759,4385,2514,2609,96.4,2514,259,True
AABA,3332,2006-07-10,2019-10-02,3059,2697,367,381,96.3,367,188,True
AAL,3164,2013-12-09,2026-07-10,2891,2540,2194,2276,96.4,2194,147,True
AAP,5032,2006-07-10,2026-07-10,4759,4394,1924,1995,96.4,1924,275,True
AAPL,5032,2006-07-10,2026-07-10,4759,4391,2514,2609,96.4,2514,220,True
ABBV,3400,2013-01-02,2026-07-10,3127,2759,2514,2609,96.4,2514,170,True
ABC,5032,2006-07-10,2026-07-10,4759,4384,1927,1998,96.4,1927,264,True
ABMD,4143,2006-07-10,2022-12-21,3870,3490,1150,1190,96.6,1150,223,True
ABNB,1400,2020-12-10,2026-07-10,1127,836,575,598,96.2,575,59,True
ABT,5032,2006-07-10,2026-07-10,4759,4372,2514,2609,96.4,2514,290,True
ACGL,5032,2006-07-10,2026-07-10,4759,4397,794,827,96.0,794,310,True
ACN,5032,2006-07-10,2026-07-10,4759,4395,2514,2609,96.4,2514,251,True
ADBE,5032,2006-07-10,2026-07-10,4759,4379,2514,2609,96.4,2514,248,True
ADI,5032,2006-07-10,2026-07-10,4759,4393,2514,2609,96.4,2514,294,True
ADM,5032,2006-07-10,2026-07-10,4759,4386,2514,2609,96.4,2514,290,True
ADP,5032,2006-07-10,2026-07-10,4759,4378,2514,2609,96.4,2514,298,True
ADS,5032,2006-07-10,2026-07-10,4759,4390,1124,1166,96.4,1124,264,True
ADSK,5032,2006-07-10,2026-07-10,4759,4378,2514,2609,96.4,2514,266,True
ADT,3029,2012-10-01,2026-07-10,2756,2407,82,86,95.3,82,166,True
AEE,5032,2006-07-10,2026-07-10,4759,4382,2514,2609,96.4,2514,298,True
AEP,5032,2006-07-10,2026-07-10,4759,4392,2514,2609,96.4,2514,287,True
AES,5032,2006-07-10,2026-07-10,4759,4385,2514,2609,96.4,2514,302,True
AET,3121,2006-07-10,2018-11-28,2848,2484,733,759,96.6,733,161,True
AFL,5032,2006-07-10,2026-07-10,4759,4388,2514,2609,96.4,2514,280,True
AGN,3421,2006-07-10,2020-05-08,3148,2777,1095,1137,96.3,1095,172,True
AIG,5032,2006-07-10,2026-07-10,4759,4393,2514,2609,96.4,2514,275,True
AIV,5032,2006-07-10,2026-07-10,4759,4402,1251,1296,96.5,1251,290,True
AIZ,5032,2006-07-10,2026-07-10,4759,4390,2514,2609,96.4,2514,255,True
AJG,5032,2006-07-10,2026-07-10,4759,4390,2412,2502,96.4,2412,267,True
AKAM,5032,2006-07-10,2026-07-10,4759,4393,2514,2609,96.4,2514,254,True
ALB,5032,2006-07-10,2026-07-10,4759,4380,2389,2479,96.4,2389,266,True
ALGN,5032,2006-07-10,2026-07-10,4759,4385,2147,2228,96.4,2147,291,True
ALK,5032,2006-07-10,2026-07-10,4759,4399,1870,1938,96.5,1870,264,True
ALL,5032,2006-07-10,2026-07-10,4759,4376,2514,2609,96.4,2514,288,True
ALLE,3169,2013-12-02,2026-07-10,2896,2495,2514,2609,96.4,2514,186,True
ALXN,3784,2006-07-10,2021-07-20,3511,3136,1396,1448,96.4,1396,190,True
AMAT,5032,2006-07-10,2026-07-10,4759,4391,2514,2609,96.4,2514,263,True
AMCR,2014,2006-07-10,2026-07-10,1741,1386,1650,1714,96.3,1611,112,True
AMD,5032,2006-07-10,2026-07-10,4759,4386,2210,2293,96.4,2210,250,True
AME,5032,2006-07-10,2026-07-10,4759,4389,2514,2609,96.4,2514,281,True
AMG,5032,2006-07-10,2026-07-10,4759,4384,1000,1036,96.5,1000,287,True
AMGN,5032,2006-07-10,2026-07-10,4759,4377,2514,2609,96.4,2514,260,True
AMP,5032,2006-07-10,2026-07-10,4759,4396,2514,2609,96.4,2514,285,True
AMT,5032,2006-07-10,2026-07-10,4759,4394,2514,2609,96.4,2514,291,True
AMTM,445,2024-09-30,2026-07-10,172,0,59,60,98.3,0,7,True
AMZN,5032,2006-07-10,2026-07-10,4759,4383,2514,2609,96.4,2514,240,True
AN,5032,2006-07-10,2026-07-10,4759,4377,402,417,96.4,402,264,True
ANDV,3079,2006-07-10,2018-09-28,2806,2436,691,716,96.5,691,159,True
ANET,3172,2007-04-30,2026-07-10,2899,2534,1846,1917,96.3,1846,158,True
ANSS,4785,2006-07-10,2025-07-16,4512,4132,2030,2109,96.3,2030,283,True
ANTM,4037,2006-07-10,2026-07-10,3764,3393,1632,1692,96.5,1632,212,True
AON,4176,2009-12-01,2026-07-10,3903,3522,2514,2609,96.4,2514,229,True
AOS,5032,2006-07-10,2026-07-10,4759,4385,2121,2201,96.4,2121,292,True
APA,5032,2006-07-10,2026-07-10,4759,4396,2514,2609,96.4,2514,277,True
APC,3396,2006-07-10,2026-07-10,3123,2773,906,940,96.4,906,188,True
APD,5032,2006-07-10,2026-07-10,4759,4386,2514,2609,96.4,2514,293,True
APH,5032,2006-07-10,2026-07-10,4759,4375,2514,2609,96.4,2514,257,True
APO,4466,2006-07-10,2026-07-10,4193,3823,256,268,95.5,256,208,True
APP,3414,2007-02-05,2026-07-10,3141,2766,71,73,97.3,71,165,True
APTV,3680,2011-11-17,2026-07-10,3407,3056,2514,2609,96.4,2514,210,True
ARE,5032,2006-07-10,2026-07-10,4759,4385,2210,2293,96.4,2210,305,True
ARES,3065,2014-05-02,2026-07-10,2792,2427,14,15,93.3,14,151,True
ARG,2485,2006-07-10,2016-05-20,2212,1847,97,101,96.0,97,148,True
ARNC,1709,2016-11-01,2023-08-17,1436,1103,861,1111,77.5,588,82,True
ATO,5032,2006-07-10,2026-07-10,4759,4378,1729,1794,96.4,1729,291,True
ATVI,4326,2006-07-10,2023-10-12,4053,3664,1958,2033,96.3,1958,236,True
AVB,5032,2006-07-10,2026-07-10,4759,4407,2514,2609,96.4,2514,289,True
AVGO,4257,2009-08-06,2026-07-10,3984,3614,2514,2609,96.4,2514,224,True
AVY,5032,2006-07-10,2026-07-10,4759,4397,2514,2609,96.4,2514,288,True
AWK,4582,2008-04-23,2026-07-10,4309,3926,2472,2564,96.4,2472,274,True
AXON,2296,2015-06-11,2026-07-10,2023,1631,668,695,96.1,668,105,True
AXP,5032,2006-07-10,2026-07-10,4759,4396,2514,2609,96.4,2514,275,True
AYI,5032,2006-07-10,2026-07-10,4759,4358,535,554,96.6,535,273,True
AZO,5032,2006-07-10,2026-07-10,4759,4386,2514,2609,96.4,2514,266,True
BA,5032,2006-07-10,2026-07-10,4759,4388,2514,2609,96.4,2514,276,True
BAC,5032,2006-07-10,2026-07-10,4759,4389,2514,2609,96.4,2514,257,True
BALL,1045,2022-05-10,2026-07-10,772,484,915,952,96.1,642,31,True
BAX,5032,2006-07-10,2026-07-10,4759,4401,2514,2609,96.4,2514,287,True
BBBY,4449,2006-07-10,2026-07-10,4176,3798,393,408,96.3,393,227,True
BBT,3593,2006-07-10,2026-07-10,3320,2974,990,1026,96.5,990,196,True
BBWI,1239,2021-08-03,2026-07-10,966,673,795,825,96.4,522,61,True
BBY,5032,2006-07-10,2026-07-10,4759,4386,2514,2609,96.4,2514,272,True
BCR,2890,2006-07-10,2017-12-28,2617,2246,502,520,96.5,502,162,True
BDX,5032,2006-07-10,2026-07-10,4759,4393,2514,2609,96.4,2514,305,True
BEN,5032,2006-07-10,2026-07-10,4759,4393,2514,2609,96.4,2514,275,True
BF.B,5032,2006-07-10,2026-07-10,4759,4395,2514,2609,96.4,2514,270,True
BG,5032,2006-07-10,2026-07-10,4759,4390,703,731,96.2,703,290,True
BHF,2243,2017-08-07,2026-07-10,1970,1620,415,431,96.3,142,100,True
BHGE,5032,2006-07-10,2026-07-10,4759,4388,955,990,96.5,955,288,True
BIIB,5030,2006-07-10,2026-07-10,4757,4386,2512,2609,96.3,2512,285,True
BIO,5032,2006-07-10,2026-07-10,4759,4396,1070,1110,96.4,1070,272,True
BK,4998,2006-07-10,2026-05-20,4725,4340,2514,2609,96.4,2514,272,True
BKNG,5032,2006-07-10,2026-07-10,4759,4375,2514,2609,96.4,2514,243,True
BKR,3518,2006-07-10,2026-07-10,3245,2870,1559,1619,96.3,1559,195,True
BLDR,5032,2006-07-10,2026-07-10,4759,4367,553,576,96.0,553,277,True
BLK,5032,2006-07-10,2026-07-10,4759,4387,2514,2609,96.4,2514,276,True
BLL,3987,2006-07-10,2022-05-09,3714,3350,1599,1657,96.5,1599,221,True
BMY,5032,2006-07-10,2026-07-10,4759,4386,2514,2609,96.4,2514,275,True
BR,4849,2007-04-02,2026-07-10,4576,4193,1896,1968,96.3,1896,253,True
BRCM,2407,2006-07-10,2016-01-29,2134,1793,19,21,90.5,19,125,True
BRK.B,5032,2006-07-10,2026-07-10,4759,4394,2514,2609,96.4,2514,275,True
BRO,5032,2006-07-10,2026-07-10,4759,4358,1076,1118,96.2,1076,287,True
BSX,5032,2006-07-10,2026-07-10,4759,4387,2514,2609,96.4,2514,307,True
BWA,5032,2006-07-10,2026-07-10,4759,4388,2318,2406,96.3,2318,288,True
BX,4792,2007-06-22,2026-07-10,4519,4142,575,598,96.2,575,226,True
BXLT,233,2015-07-01,2016-06-02,0,0,105,110,95.5,0,0,True
BXP,5032,2006-07-10,2026-07-10,4759,4400,2514,2609,96.4,2514,298,True
C,5032,2006-07-10,2026-07-10,4759,4410,2514,2609,96.4,2514,271,True
CA,3666,2006-07-10,2026-05-07,3393,3022,716,742,96.5,716,215,True
CAG,5032,2006-07-10,2026-07-10,4759,4387,2514,2609,96.4,2514,287,True
CAH,5032,2006-07-10,2026-07-10,4759,4381,2514,2609,96.4,2514,270,True
CAM,2641,2006-07-10,2026-07-10,2368,2021,62,66,93.9,62,139,True
CARR,1574,2020-04-03,2026-07-10,1301,965,1444,1499,96.3,1171,78,True
CAT,5032,2006-07-10,2026-07-10,4759,4368,2514,2609,96.4,2514,235,True
CB,5032,2006-07-10,2026-07-10,4759,4375,2514,2609,96.4,2514,309,True
CBOE,4042,2010-06-15,2026-07-10,3769,3390,2223,2306,96.4,2223,234,True
CBRE,5032,2006-07-10,2026-07-10,4759,4376,2514,2609,96.4,2514,264,True
CBS,3376,2006-07-10,2019-12-04,3103,2746,988,1024,96.5,988,179,True
CCE,3106,2006-07-10,2018-11-06,2833,2464,102,107,95.3,102,172,True
CCEP,5032,2006-07-10,2026-07-10,4759,4378,102,106,96.2,102,307,True
CCI,5032,2006-07-10,2026-07-10,4759,4386,2514,2609,96.4,2514,277,True
CCL,5032,2006-07-10,2026-07-10,4759,4425,2514,2609,96.4,2514,258,True
CDAY,1451,2018-04-26,2024-01-31,1178,864,595,618,96.3,595,68,True
CDNS,5032,2006-07-10,2026-07-10,4759,4392,2084,2163,96.3,2084,266,True
CDW,3278,2013-06-27,2026-07-10,3005,2629,1578,1638,96.3,1578,159,True
CE,5032,2006-07-10,2026-07-10,4759,4423,1569,1630,96.3,1569,259,True
CEG,2542,2006-07-10,2026-07-10,2269,1903,982,1021,96.2,982,141,True
CELG,3367,2006-07-10,2019-11-20,3094,2707,979,1014,96.5,979,187,True
CERN,4007,2006-07-10,2022-06-07,3734,3359,1619,1678,96.5,1619,215,True
CF,5032,2006-07-10,2026-07-10,4759,4395,2514,2609,96.4,2514,262,True
CFG,2965,2014-09-24,2026-07-10,2692,2314,2495,2588,96.4,2495,160,True
CHD,5032,2006-07-10,2026-07-10,4759,4387,2514,2609,96.4,2514,288,True
CHK,4433,2006-07-10,2024-10-01,4160,3781,555,576,96.4,555,240,True
CHRW,5032,2006-07-10,2026-07-10,4759,4393,2514,2609,96.4,2514,271,True
CHTR,4670,2006-07-10,2026-07-10,4397,3995,2342,2430,96.4,2342,235,True
CI,5032,2006-07-10,2026-07-10,4759,4389,2514,2609,96.4,2514,271,True
CINF,5032,2006-07-10,2026-07-10,4759,4383,2514,2609,96.4,2514,305,True
CL,5032,2006-07-10,2026-07-10,4759,4378,2514,2609,96.4,2514,268,True
CLX,5032,2006-07-10,2026-07-10,4759,4390,2514,2609,96.4,2514,263,True
CMA,4922,2006-07-10,2026-01-30,4649,4287,2131,2211,96.4,2131,271,True
CMCSA,5032,2006-07-10,2026-07-10,4759,4398,2514,2609,96.4,2514,277,True
CME,5032,2006-07-10,2026-07-10,4759,4381,2514,2609,96.4,2514,305,True
CMG,5032,2006-07-10,2026-07-10,4759,4390,2514,2609,96.4,2514,280,True
CMI,5032,2006-07-10,2026-07-10,4759,4381,2514,2609,96.4,2514,264,True
CMS,5032,2006-07-10,2026-07-10,4759,4391,2514,2609,96.4,2514,286,True
CNC,5032,2006-07-10,2026-07-10,4759,4379,2455,2546,96.4,2455,261,True
CNP,5032,2006-07-10,2026-07-10,4759,4384,2514,2609,96.4,2514,304,True
CNX,5032,2006-07-10,2026-07-10,4759,4390,42,45,93.3,42,290,True
COF,5032,2006-07-10,2026-07-10,4759,4403,2514,2609,96.4,2514,288,True
COG,4988,2006-07-10,2026-05-06,4715,4329,1448,1501,96.5,1448,297,True
COIN,2386,2007-03-16,2026-07-10,2113,1775,157,163,96.3,157,117,True
COL,3119,2006-07-10,2018-11-26,2846,2477,731,757,96.6,731,171,True
COO,5032,2006-07-10,2026-07-10,4759,4383,2331,2419,96.4,2331,265,True
COP,5032,2006-07-10,2026-07-10,4759,4398,2514,2609,96.4,2514,278,True
COR,4417,2006-07-10,2026-07-10,4144,3774,587,611,96.1,587,238,True
COST,5032,2006-07-10,2026-07-10,4759,4382,2514,2609,96.4,2514,273,True
COTY,3288,2013-06-13,2026-07-10,3015,2648,998,1035,96.4,998,178,True
CPAY,575,2024-03-25,2026-07-10,302,90,445,463,96.1,172,15,True
CPB,5032,2006-07-10,2026-07-10,4759,4386,2514,2609,96.4,2514,289,True
CPGX,252,2015-07-02,2016-06-30,0,0,125,130,96.2,0,0,True
CPRI,3661,2011-12-15,2026-07-10,3388,3035,1096,1136,96.5,1096,193,True
CPRT,5032,2006-07-10,2026-07-10,4759,4371,1886,1958,96.3,1886,270,True
CPT,5032,2006-07-10,2026-07-10,4759,4395,940,978,96.1,940,291,True
CRH,5032,2006-07-10,2026-07-10,4759,4385,7,8,87.5,7,303,True
CRL,5032,2006-07-10,2026-07-10,4759,4366,1164,1209,96.3,1164,256,True
CRM,5032,2006-07-10,2026-07-10,4759,4384,2514,2609,96.4,2514,247,True
CRWD,1779,2019-06-12,2026-07-10,1506,1176,383,398,96.2,383,76,True
CSCO,5032,2006-07-10,2026-07-10,4759,4377,2514,2609,96.4,2514,262,True
CSGP,5032,2006-07-10,2026-07-10,4759,4385,825,858,96.2,825,297,True
CSRA,589,2015-11-30,2018-04-03,316,97,566,588,96.3,316,23,True
CSX,5032,2006-07-10,2026-07-10,4759,4387,2514,2609,96.4,2514,267,True
CTAS,5032,2006-07-10,2026-07-10,4759,4394,2514,2609,96.4,2514,281,True
CTL,5032,2006-07-10,2026-07-10,4759,4358,1186,1230,96.4,1186,254,True
CTLT,2614,2014-07-31,2024-12-17,2341,1967,1068,1110,96.2,1068,115,True
CTRA,1713,2018-11-09,2026-05-06,1440,1144,1066,1108,96.2,1066,93,True
CTSH,5032,2006-07-10,2026-07-10,4759,4381,2514,2609,96.4,2514,276,True
CTVA,1786,2019-06-03,2026-07-10,1513,1198,1656,1718,96.4,1383,83,True
CTXS,4086,2006-07-10,2022-09-29,3813,3448,1698,1761,96.4,1698,230,True
CVC,2505,2006-07-10,2016-06-20,2232,1862,117,122,95.9,117,124,True
CVNA,2312,2017-04-28,2026-07-10,2039,1705,7,8,87.5,7,91,True
CVS,5032,2006-07-10,2026-07-10,4759,4388,2514,2609,96.4,2514,272,True
CVX,5032,2006-07-10,2026-07-10,4759,4399,2514,2609,96.4,2514,289,True
CXO,3388,2007-08-03,2021-01-15,3115,2778,1236,1283,96.3,1236,196,True
CZR,3625,2012-02-08,2026-07-10,3352,3009,1131,1175,96.3,1131,165,True
D,5032,2006-07-10,2026-07-10,4759,4382,2514,2609,96.4,2514,300,True
DAL,4827,2007-05-03,2026-07-10,4554,4184,2514,2609,96.4,2514,235,True
DASH,1401,2020-12-09,2026-07-10,1128,824,196,203,96.6,196,55,True
DAY,503,2024-02-01,2026-02-03,230,64,481,500,96.2,208,17,True
DD,4594,2006-07-10,2026-07-10,4321,3950,2076,2153,96.4,2076,236,True
DDOG,1710,2019-09-19,2026-07-10,1437,1092,123,126,97.6,123,75,True
DE,5032,2006-07-10,2026-07-10,4759,4388,2514,2609,96.4,2514,284,True
DECK,5032,2006-07-10,2026-07-10,4759,4363,450,468,96.2,450,263,True
DELL,3733,2006-07-10,2026-07-10,3460,3091,320,333,96.1,320,192,True
DFS,4499,2007-07-02,2025-05-16,4226,3852,2357,2446,96.4,2357,255,True
DG,4437,2006-07-10,2026-07-10,4164,3789,2514,2609,96.4,2514,237,True
DGX,5032,2006-07-10,2026-07-10,4759,4392,2514,2609,96.4,2514,258,True
DHI,5032,2006-07-10,2026-07-10,4759,4392,2514,2609,96.4,2514,283,True
DHR,5032,2006-07-10,2026-07-10,4759,4397,2514,2609,96.4,2514,280,True
DIS,5032,2006-07-10,2026-07-10,4759,4375,2514,2609,96.4,2514,273,True
DISCA,3947,2006-07-10,2022-04-08,3674,3306,1579,1636,96.5,1579,209,True
DISCK,3414,2008-09-18,2022-04-08,3141,2771,1579,1636,96.5,1579,176,True
DISH,4400,2006-07-10,2023-12-29,4127,3743,1578,1636,96.5,1578,232,True
DLR,5032,2006-07-10,2026-07-10,4759,4388,2420,2511,96.4,2420,274,True
DLTR,5032,2006-07-10,2026-07-10,4759,4376,2514,2609,96.4,2514,260,True
DNB,4462,2006-07-10,2025-08-25,4189,3834,316,328,96.3,316,235,True
DO,4083,2006-07-10,2024-09-03,3810,3463,189,196,96.4,189,220,True
DOC,3634,2006-07-10,2026-07-10,3361,2982,460,478,96.2,460,208,True
DOV,5032,2006-07-10,2026-07-10,4759,4390,2514,2609,96.4,2514,249,True
DOW,4636,2006-07-10,2026-07-10,4363,4020,2118,2197,96.4,2118,249,True
DPZ,5032,2006-07-10,2026-07-10,4759,4382,1418,1472,96.3,1418,267,True
DRE,4087,2006-07-10,2022-09-30,3814,3432,1306,1353,96.5,1306,224,True
DRI,5032,2006-07-10,2026-07-10,4759,4373,2514,2609,96.4,2514,279,True
DTE,5032,2006-07-10,2026-07-10,4759,4390,2514,2609,96.4,2514,293,True
DUK,5032,2006-07-10,2026-07-10,4759,4373,2514,2609,96.4,2514,276,True
DVA,5032,2006-07-10,2026-07-10,4759,4391,2514,2609,96.4,2514,257,True
DVN,5032,2006-07-10,2026-07-10,4759,4417,2514,2609,96.4,2514,269,True
DWDP,438,2017-09-01,2019-05-31,165,0,438,456,96.1,165,9,True
DXC,2330,2017-04-03,2026-07-10,2057,1718,1634,1694,96.5,1362,126,True
DXCM,5031,2006-07-10,2026-07-10,4758,4384,1418,1472,96.3,1418,254,True
EA,3658,2011-12-20,2026-07-10,3385,3010,2514,2609,96.4,2514,208,True
EBAY,5032,2006-07-10,2026-07-10,4759,4385,2514,2609,96.4,2514,268,True
ECL,5032,2006-07-10,2026-07-10,4759,4367,2514,2609,96.4,2514,285,True
ED,5032,2006-07-10,2026-07-10,4759,4373,2514,2609,96.4,2514,269,True
EFX,5032,2006-07-10,2026-07-10,4759,4379,2514,2609,96.4,2514,278,True
EG,754,2023-07-10,2026-07-10,481,218,624,648,96.3,351,31,True
EIX,5032,2006-07-10,2026-07-10,4759,4388,2514,2609,96.4,2514,308,True
EL,5032,2006-07-10,2026-07-10,4759,4378,2514,2609,96.4,2514,261,True
ELV,2133,2006-07-10,2026-07-10,1860,1537,882,917,96.2,882,100,True
EMC,3350,2006-07-10,2026-07-10,3077,2708,171,178,96.1,171,167,True
EME,5032,2006-07-10,2026-07-10,4759,4364,71,73,97.3,71,270,True
EMN,5032,2006-07-10,2026-07-10,4759,4388,2474,2567,96.4,2474,262,True
EMR,5032,2006-07-10,2026-07-10,4759,4385,2514,2609,96.4,2514,276,True
ENDP,4062,2006-07-10,2022-08-25,3789,3414,292,304,96.1,292,202,True
ENPH,3589,2012-03-30,2026-07-10,3316,2936,1181,1227,96.3,1181,163,True
EOG,5032,2006-07-10,2026-07-10,4759,4388,2514,2609,96.4,2514,295,True
EPAM,3625,2012-02-08,2026-07-10,3352,2985,1016,1057,96.1,1016,164,True
EQIX,5032,2006-07-10,2026-07-10,4759,4388,2514,2609,96.4,2514,265,True
EQR,5032,2006-07-10,2026-07-10,4759,4400,2514,2609,96.4,2514,302,True
EQT,5032,2006-07-10,2026-07-10,4759,4393,1537,1595,96.4,1537,305,True
ERIE,5032,2006-07-10,2026-07-10,4759,4382,320,333,96.1,320,280,True
ES,4254,2007-11-15,2026-07-10,3981,3606,2514,2609,96.4,2514,231,True
ESRX,3136,2006-07-10,2018-12-20,2863,2514,748,775,96.5,748,173,True
ESS,5032,2006-07-10,2026-07-10,4759,4382,2514,2609,96.4,2514,303,True
ESV,3287,2006-07-10,2019-07-30,3014,2679,59,63,93.7,59,167,True
ETFC,3445,2006-12-27,2020-10-01,3172,2813,1196,1243,96.2,1196,180,True
ETN,5032,2006-07-10,2026-07-10,4759,4371,2514,2609,96.4,2514,275,True
ETR,5032,2006-07-10,2026-07-10,4759,4368,2514,2609,96.4,2514,286,True
ETSY,2825,2015-04-16,2026-07-10,2552,2173,1007,1045,96.4,1007,145,True
EVHC,1300,2013-08-14,2018-10-10,1027,714,467,484,96.5,467,51,True
EVRG,2035,2018-06-05,2026-07-10,1762,1424,1905,1977,96.4,1632,103,True
EW,5032,2006-07-10,2026-07-10,4759,4382,2514,2609,96.4,2514,281,True
EXC,5032,2006-07-10,2026-07-10,4759,4393,2514,2609,96.4,2514,313,True
EXE,1334,2011-05-23,2026-07-10,1061,768,196,203,96.6,196,71,True
EXPD,5032,2006-07-10,2026-07-10,4759,4386,2514,2609,96.4,2514,287,True
EXPE,5032,2006-07-10,2026-07-10,4759,4383,2514,2609,96.4,2514,278,True
EXR,5032,2006-07-10,2026-07-10,4759,4370,2504,2597,96.4,2504,266,True
F,5032,2006-07-10,2026-07-10,4759,4392,2514,2609,96.4,2514,284,True
FANG,3453,2012-10-12,2026-07-10,3180,2828,1779,1848,96.3,1779,209,True
FAST,5032,2006-07-10,2026-07-10,4759,4373,2514,2609,96.4,2514,275,True
FB,3555,2012-05-18,2026-07-10,3282,2914,1620,1679,96.5,1620,186,True
FBHS,3712,2011-10-04,2026-07-10,3439,3081,1633,1691,96.6,1633,187,True
FCX,5032,2006-07-10,2026-07-10,4759,4410,2514,2609,96.4,2514,276,True
FDS,5032,2006-07-10,2026-07-10,4759,4391,1012,1053,96.1,1012,253,True
FDX,5032,2006-07-10,2026-07-10,4759,4385,2514,2609,96.4,2514,248,True
FE,5032,2006-07-10,2026-07-10,4759,4395,2514,2609,96.4,2514,275,True
FFIV,5032,2006-07-10,2026-07-10,4759,4385,2514,2609,96.4,2514,275,True
FI,2662,2013-08-09,2025-11-10,2389,2032,610,634,96.2,610,152,True
FICO,4249,2009-08-18,2026-07-10,3976,3602,700,728,96.2,700,224,True
FIS,5032,2006-07-10,2026-07-10,4759,4395,2514,2609,96.4,2514,272,True
FISV,5032,2006-07-10,2026-07-10,4759,4385,1904,1975,96.4,1904,292,True
FITB,5032,2006-07-10,2026-07-10,4759,4405,2514,2609,96.4,2514,307,True
FIX,5032,2006-07-10,2026-07-10,4759,4385,7,8,87.5,7,303,True
FL,4821,2006-07-10,2025-09-05,4548,4185,844,874,96.6,844,282,True
FLIR,3738,2006-07-10,2021-05-13,3465,3083,1350,1400,96.4,1350,197,True
FLR,5032,2006-07-10,2026-07-10,4759,4394,858,891,96.3,858,282,True
FLS,5032,2006-07-10,2026-07-10,4759,4383,1312,1361,96.4,1312,277,True
FLT,4460,2006-07-10,2026-07-10,4187,3814,1449,1503,96.4,1449,230,True
FMC,5032,2006-07-10,2026-07-10,4759,4388,2318,2406,96.3,2318,269,True
FOSL,5032,2006-07-10,2026-07-10,4759,4380,1,2,50.0,1,279,True
FOX,3276,2013-07-01,2026-07-10,3003,2622,2514,2609,96.4,2514,165,True
FOXA,3276,2013-07-01,2026-07-10,3003,2631,2514,2609,96.4,2514,169,True
FRC,3524,2006-07-10,2023-04-28,3251,2864,1089,1131,96.3,1089,185,True
FRT,5032,2006-07-10,2026-07-10,4759,4390,2495,2588,96.4,2495,317,True
FSLR,4939,2006-11-17,2026-07-10,4666,4278,1065,1109,96.0,1065,253,True
FTI,5032,2006-07-10,2026-07-10,4759,4412,1287,1335,96.4,1287,279,True
FTNT,4184,2009-11-18,2026-07-10,3911,3520,1815,1885,96.3,1815,227,True
FTR,2953,2008-07-31,2020-04-23,2680,2318,304,316,96.2,304,155,True
FTV,2518,2016-07-05,2026-07-10,2245,1884,2388,2477,96.4,2115,143,True
GAS,2509,2006-07-10,2016-06-30,2236,1864,125,130,96.2,125,140,True
GD,5032,2006-07-10,2026-07-10,4759,4385,2514,2609,96.4,2514,294,True
GDDY,2835,2015-04-01,2026-07-10,2562,2185,383,398,96.2,383,150,True
GE,5032,2006-07-10,2026-07-10,4759,4382,2514,2609,96.4,2514,267,True
GEHC,881,2023-01-04,2026-07-10,608,329,751,781,96.2,478,34,True
GEN,2977,2010-12-06,2026-07-10,2704,2318,789,822,96.0,789,136,True
GEV,570,2024-04-02,2026-07-10,297,82,439,456,96.3,167,19,True
GGP,2833,2006-07-10,2018-08-27,2560,2198,668,692,96.5,668,146,True
GILD,5032,2006-07-10,2026-07-10,4759,4389,2514,2609,96.4,2514,290,True
GIS,5032,2006-07-10,2026-07-10,4759,4390,2514,2609,96.4,2514,310,True
GL,1738,2019-08-09,2026-07-10,1465,1138,1608,1670,96.3,1335,94,True
GLW,5032,2006-07-10,2026-07-10,4759,4393,2514,2609,96.4,2514,262,True
GM,4661,2006-07-10,2026-07-10,4388,4021,2514,2609,96.4,2514,213,True
GMCR,2429,2006-07-10,2016-03-02,2156,1791,41,44,93.2,41,92,True
GME,5032,2006-07-10,2026-07-10,4759,4394,77,81,95.1,77,277,True
GNRC,4127,2010-02-11,2026-07-10,3854,3482,1202,1248,96.3,1202,189,True
GOOG,5032,2006-07-10,2026-07-10,4759,4392,2514,2609,96.4,2514,258,True
GOOGL,3085,2014-04-03,2026-07-10,2812,2436,2514,2609,96.4,2514,165,True
GPC,5032,2006-07-10,2026-07-10,4759,4374,2514,2609,96.4,2514,296,True
GPN,5032,2006-07-10,2026-07-10,4759,4390,2437,2528,96.4,2437,248,True
GPS,4561,2006-07-10,2024-08-21,4288,3920,1532,1588,96.5,1532,251,True
GRMN,5032,2006-07-10,2026-07-10,4759,4378,2514,2609,96.4,2514,290,True
GS,5032,2006-07-10,2026-07-10,4759,4384,2514,2609,96.4,2514,270,True
GT,5032,2006-07-10,2026-07-10,4759,4413,792,823,96.2,792,288,True
GWW,5032,2006-07-10,2026-07-10,4759,4384,2514,2609,96.4,2514,268,True
HAL,5032,2006-07-10,2026-07-10,4759,4415,2514,2609,96.4,2514,258,True
HAR,2687,2006-07-10,2017-03-10,2414,2043,299,311,96.1,299,127,True
HAS,5032,2006-07-10,2026-07-10,4759,4394,2514,2609,96.4,2514,253,True
HBAN,5032,2006-07-10,2026-07-10,4759,4414,2514,2609,96.4,2514,290,True
HBI,4839,2006-09-06,2025-11-28,4566,4185,1502,1556,96.5,1502,262,True
HCA,3950,2006-07-10,2026-07-10,3677,3292,2514,2609,96.4,2514,196,True
HCP,5032,2006-07-10,2026-07-10,4759,4390,967,1002,96.5,967,293,True
HD,5032,2006-07-10,2026-07-10,4759,4371,2514,2609,96.4,2514,261,True
HES,4786,2006-07-10,2025-07-17,4513,4159,2398,2493,96.2,2398,265,True
HFC,3777,2011-07-01,2026-07-10,3504,3119,746,774,96.4,746,202,True
HIG,5032,2006-07-10,2026-07-10,4759,4381,2514,2609,96.4,2514,277,True
HII,3841,2011-03-31,2026-07-10,3568,3199,2010,2086,96.4,2010,203,True
HLT,3488,2006-07-10,2026-07-10,3215,2856,2147,2228,96.4,2147,168,True
HOG,5006,2006-08-15,2026-07-10,4733,4366,1124,1166,96.4,1124,259,True
HOLX,4966,2006-07-10,2026-04-06,4693,4305,2455,2546,96.4,2455,289,True
HON,5032,2006-07-10,2026-07-10,4759,4383,2514,2609,96.4,2514,279,True
HOOD,1242,2021-07-29,2026-07-10,969,669,71,73,97.3,71,54,True
HOT,2571,2006-07-10,2016-09-22,2298,1965,183,190,96.3,183,137,True
HP,5032,2006-07-10,2026-07-10,4759,4401,1104,1145,96.4,1104,307,True
HPE,2686,2015-11-02,2026-07-10,2413,2065,2514,2609,96.4,2283,136,True
HPQ,5032,2006-07-10,2026-07-10,4759,4380,2514,2609,96.4,2514,258,True
HRB,5032,2006-07-10,2026-07-10,4759,4395,1187,1231,96.4,1187,294,True
HRL,5032,2006-07-10,2026-07-10,4759,4388,2514,2609,96.4,2514,291,True
HRS,3266,2006-07-10,2019-06-28,2993,2624,858,891,96.3,858,165,True
HSIC,5032,2006-07-10,2026-07-10,4759,4394,2514,2609,96.4,2514,304,True
HST,5032,2006-07-10,2026-07-10,4759,4397,2514,2609,96.4,2514,296,True
HSY,5032,2006-07-10,2026-07-10,4759,4391,2514,2609,96.4,2514,284,True
HUBB,2649,2015-12-24,2026-07-10,2376,2029,553,576,96.0,553,142,True
HUM,5032,2006-07-10,2026-07-10,4759,4385,2514,2609,96.4,2514,244,True
HWM,1576,2020-04-01,2026-07-10,1303,968,1443,1498,96.3,1173,73,True
IBKR,4826,2007-05-04,2026-07-10,4553,4174,87,90,96.7,87,277,True
IBM,5032,2006-07-10,2026-07-10,4759,4381,2514,2609,96.4,2514,272,True
ICE,5032,2006-07-10,2026-07-10,4759,4381,2514,2609,96.4,2514,295,True
IDXX,5032,2006-07-10,2026-07-10,4759,4367,2260,2345,96.4,2260,266,True
IEX,5032,2006-07-10,2026-07-10,4759,4381,1608,1669,96.3,1608,279,True
IFF,5032,2006-07-10,2026-07-10,4759,4395,2514,2609,96.4,2514,290,True
ILMN,5032,2006-07-10,2026-07-10,4759,4383,2131,2211,96.4,2131,262,True
INCY,5032,2006-07-10,2026-07-10,4759,4397,2224,2307,96.4,2224,271,True
INFO,2375,2006-08-04,2026-07-10,2102,1756,1193,1238,96.4,1193,122,True
INTC,5032,2006-07-10,2026-07-10,4759,4389,2514,2609,96.4,2514,270,True
INTU,5032,2006-07-10,2026-07-10,4759,4384,2514,2609,96.4,2514,294,True
INVH,2372,2017-02-01,2026-07-10,2099,1754,825,858,96.2,825,131,True
IP,5032,2006-07-10,2026-07-10,4759,4390,2514,2609,96.4,2514,295,True
IPG,4879,2006-07-10,2025-11-26,4606,4235,2491,2585,96.4,2491,296,True
IPGP,4922,2006-12-13,2026-07-10,4649,4265,1080,1119,96.5,1080,270,True
IQV,2172,2017-11-15,2026-07-10,1899,1543,2042,2177,93.8,1769,117,True
IR,5032,2006-07-10,2026-07-10,4759,4384,2514,2609,96.4,2514,281,True
IRM,5032,2006-07-10,2026-07-10,4759,4373,2514,2609,96.4,2514,240,True
ISRG,5032,2006-07-10,2026-07-10,4759,4396,2514,2609,96.4,2514,278,True
IT,5032,2006-07-10,2026-07-10,4759,4395,2198,2281,96.4,2198,248,True
ITW,5032,2006-07-10,2026-07-10,4759,4378,2514,2609,96.4,2514,296,True
IVZ,4812,2007-05-24,2026-07-10,4539,4183,2514,2609,96.4,2514,277,True
J,1653,2019-12-10,2026-07-10,1380,1064,1523,1582,96.3,1250,84,True
JBHT,5032,2006-07-10,2026-07-10,4759,4380,2514,2609,96.4,2514,266,True
JBL,5032,2006-07-10,2026-07-10,4759,4388,553,576,96.0,553,264,True
JCI,5032,2006-07-10,2026-07-10,4759,4387,2514,2609,96.4,2514,280,True
JEC,3379,2006-07-10,2019-12-09,3106,2736,991,1027,96.5,991,161,True
JEF,5032,2006-07-10,2026-07-10,4759,4392,939,974,96.4,939,274,True
JKHY,5032,2006-07-10,2026-07-10,4759,4398,1792,1862,96.2,1792,277,True
JNJ,5032,2006-07-10,2026-07-10,4759,4388,2514,2609,96.4,2514,278,True
JNPR,4775,2006-07-10,2025-07-01,4502,4118,2387,2483,96.1,2387,264,True
JPM,5032,2006-07-10,2026-07-10,4759,4393,2514,2609,96.4,2514,258,True
JWN,4747,2006-07-10,2025-05-20,4474,4125,1124,1166,96.4,1124,281,True
K,4888,2006-07-10,2025-12-10,4615,4248,2500,2594,96.4,2500,271,True
KDP,4572,2008-05-07,2026-07-10,4299,3897,1515,1573,96.3,1515,254,True
KEY,5032,2006-07-10,2026-07-10,4759,4385,2514,2609,96.4,2514,295,True
KEYS,3256,2006-07-10,2026-07-10,2983,2609,1797,1867,96.3,1797,173,True
KHC,2770,2015-07-06,2026-07-10,2497,2138,2514,2609,96.4,2367,131,True
KIM,5032,2006-07-10,2026-07-10,4759,4388,2514,2609,96.4,2514,291,True
KKR,4021,2010-07-15,2026-07-10,3748,3368,383,398,96.2,383,231,True
KLAC,5032,2006-07-10,2026-07-10,4759,4382,2514,2609,96.4,2514,260,True
KMB,5032,2006-07-10,2026-07-10,4759,4387,2514,2609,96.4,2514,296,True
KMI,4098,2006-07-10,2026-07-10,3825,3446,2514,2609,96.4,2514,219,True
KMX,5032,2006-07-10,2026-07-10,4759,4382,2472,2565,96.4,2472,265,True
KO,5032,2006-07-10,2026-07-10,4759,4390,2514,2609,96.4,2514,294,True
KORS,3661,2011-12-15,2026-07-10,3388,3035,683,708,96.5,683,193,True
KR,5032,2006-07-10,2026-07-10,4759,4388,2514,2609,96.4,2514,279,True
KSS,5032,2006-07-10,2026-07-10,4759,4390,1187,1231,96.4,1187,305,True
KSU,3886,2006-07-10,2021-12-13,3613,3245,1498,1552,96.5,1498,201,True
KVUE,798,2023-05-04,2026-07-10,525,254,590,614,96.1,395,31,True
L,4540,2008-06-23,2026-07-10,4267,3891,2514,2609,96.4,2514,276,True
LB,3692,2006-07-10,2026-07-10,3419,3067,1405,1457,96.4,1405,219,True
LDOS,3213,2013-09-30,2026-07-10,2940,2574,1608,1669,96.3,1608,157,True
LEG,5032,2006-07-10,2026-07-10,4759,4378,1502,1556,96.5,1502,269,True
LEN,5032,2006-07-10,2026-07-10,4759,4393,2514,2609,96.4,2514,283,True
LH,5032,2006-07-10,2026-07-10,4759,4397,2514,2609,96.4,2514,279,True
LHX,1766,2019-07-01,2026-07-10,1493,1152,1636,1718,95.2,1363,90,True
LII,5032,2006-07-10,2026-07-10,4759,4393,256,268,95.5,256,275,True
LIN,2283,2013-07-31,2026-07-10,2010,1648,1797,1867,96.3,1797,128,True
LKQ,3553,2012-05-22,2026-07-10,3280,2907,2410,2500,96.4,2410,197,True
LLL,3515,2006-07-10,2022-10-07,3242,2879,878,911,96.4,878,199,True
LLTC,2687,2006-07-10,2017-03-10,2414,2076,299,311,96.1,299,153,True
LLY,5032,2006-07-10,2026-07-10,4759,4387,2514,2609,96.4,2514,268,True
LM,3541,2006-07-10,2020-07-31,3268,2915,232,240,96.7,232,211,True
LMT,5032,2006-07-10,2026-07-10,4759,4382,2514,2609,96.4,2514,295,True
LNC,5032,2006-07-10,2026-07-10,4759,4399,1939,2011,96.4,1939,283,True
LNT,5032,2006-07-10,2026-07-10,4759,4389,2389,2479,96.4,2389,328,True
LOW,5032,2006-07-10,2026-07-10,4759,4384,2514,2609,96.4,2514,258,True
LRCX,5032,2006-07-10,2026-07-10,4759,4395,2514,2609,96.4,2514,269,True
LULU,4767,2007-07-30,2026-07-10,4494,4131,553,576,96.0,553,263,True
LUMN,1458,2020-09-18,2026-07-10,1185,853,628,651,96.5,355,67,True
LUV,5032,2006-07-10,2026-07-10,4759,4385,2514,2609,96.4,2514,262,True
LVLT,2850,2006-07-10,2017-10-31,2577,2221,449,465,96.6,449,139,True
LVS,5032,2006-07-10,2026-07-10,4759,4401,1570,1630,96.3,1570,240,True
LW,2427,2016-11-10,2026-07-10,2154,1814,1779,1848,96.3,1779,110,True
LYB,3957,2010-10-14,2026-07-10,3684,3344,2514,2609,96.4,2514,233,True
LYV,5032,2006-07-10,2026-07-10,4759,4393,1514,1573,96.2,1514,248,True
M,4807,2007-06-01,2026-07-10,4534,4141,1071,1111,96.4,1071,271,True
MA,5032,2006-07-10,2026-07-10,4759,4394,2514,2609,96.4,2514,270,True
MAA,5032,2006-07-10,2026-07-10,4759,4389,2282,2369,96.3,2282,293,True
MAC,5032,2006-07-10,2026-07-10,4759,4388,1000,1036,96.5,1000,294,True
MAR,5032,2006-07-10,2026-07-10,4759,4394,2514,2609,96.4,2514,257,True
MAS,5032,2006-07-10,2026-07-10,4759,4387,2514,2609,96.4,2514,291,True
MAT,5032,2006-07-10,2026-07-10,4759,4397,862,895,96.3,862,282,True
MCD,5032,2006-07-10,2026-07-10,4759,4392,2514,2609,96.4,2514,283,True
MCHP,5032,2006-07-10,2026-07-10,4759,4388,2514,2609,96.4,2514,280,True
MCK,5032,2006-07-10,2026-07-10,4759,4382,2514,2609,96.4,2514,278,True
MCO,5032,2006-07-10,2026-07-10,4759,4394,2514,2609,96.4,2514,262,True
MDLZ,3461,2012-10-02,2026-07-10,3188,2829,2514,2609,96.4,2514,177,True
MDT,5032,2006-07-10,2026-07-10,4759,4380,2514,2609,96.4,2514,286,True
MET,5032,2006-07-10,2026-07-10,4759,4399,2514,2609,96.4,2514,317,True
META,1172,2021-06-30,2026-07-10,899,579,894,930,96.1,769,45,True
MGM,5032,2006-07-10,2026-07-10,4759,4396,2121,2201,96.4,2121,269,True
MHK,5032,2006-07-10,2026-07-10,4759,4391,2507,2601,96.4,2507,267,True
MJN,2100,2009-02-11,2017-06-14,1827,1470,365,379,96.3,365,114,True
MKC,5032,2006-07-10,2026-07-10,4759,4386,2514,2609,96.4,2514,268,True
MKTX,5032,2006-07-10,2026-07-10,4759,4391,1565,1625,96.3,1565,259,True
MLM,5032,2006-07-10,2026-07-10,4759,4391,2514,2609,96.4,2514,294,True
MMC,4910,2006-07-10,2026-01-13,4637,4268,2514,2609,96.4,2514,288,True
MMM,5032,2006-07-10,2026-07-10,4759,4389,2514,2609,96.4,2514,273,True
MNK,2490,2006-07-10,2023-08-25,2217,1876,393,408,96.3,393,105,True
MNST,4236,2006-07-10,2026-07-10,3963,3583,2514,2609,96.4,2514,209,True
MO,5032,2006-07-10,2026-07-10,4759,4375,2514,2609,96.4,2514,254,True
MOH,5032,2006-07-10,2026-07-10,4759,4391,963,1001,96.2,963,262,True
MON,3355,2006-07-10,2022-12-23,3082,2711,611,634,96.4,611,191,True
MOS,5032,2006-07-10,2026-07-10,4759,4391,2514,2609,96.4,2514,280,True
MPC,3777,2011-07-01,2026-07-10,3504,3138,2514,2609,96.4,2514,195,True
MPWR,5032,2006-07-10,2026-07-10,4759,4389,1227,1274,96.3,1227,271,True
MRK,5032,2006-07-10,2026-07-10,4759,4387,2514,2609,96.4,2514,257,True
MRNA,2784,2008-06-11,2026-07-10,2511,2140,1118,1161,96.3,1118,134,True
MRO,4626,2006-07-10,2024-11-21,4353,4006,2238,2322,96.4,2238,258,True
MS,5032,2006-07-10,2026-07-10,4759,4398,2514,2609,96.4,2514,271,True
MSCI,4028,2010-07-06,2026-07-10,3755,3386,1948,2021,96.4,1948,229,True
MSFT,5032,2006-07-10,2026-07-10,4759,4390,2514,2609,96.4,2514,293,True
MSI,4280,2006-07-10,2026-07-10,4007,3609,2514,2609,96.4,2514,225,True
MTB,5032,2006-07-10,2026-07-10,4759,4393,2514,2609,96.4,2514,293,True
MTCH,2673,2015-11-19,2026-07-10,2400,2028,1076,1118,96.2,1076,149,True
MTD,5032,2006-07-10,2026-07-10,4759,4390,2344,2432,96.4,2344,277,True
MU,5032,2006-07-10,2026-07-10,4759,4395,2514,2609,96.4,2514,273,True
MUR,5032,2006-07-10,2026-07-10,4759,4390,393,408,96.3,393,294,True
MXIM,3553,2006-07-10,2021-08-25,3280,2902,687,715,96.1,687,192,True
MYL,3616,2006-07-10,2020-11-16,3343,2961,1228,1272,96.5,1228,187,True
NAVI,4270,2006-07-10,2026-07-10,3997,3621,609,632,96.4,609,234,True
NBL,3585,2006-07-10,2020-10-02,3312,2953,1197,1246,96.1,1197,201,True
NCLH,3388,2013-01-18,2026-07-10,3115,2782,2065,2144,96.3,2065,166,True
NDAQ,5032,2006-07-10,2026-07-10,4759,4389,2514,2609,96.4,2514,269,True
NDSN,5032,2006-07-10,2026-07-10,4759,4385,973,1012,96.1,973,289,True
NEE,4036,2010-06-23,2026-07-10,3763,3395,2514,2609,96.4,2514,195,True
NEM,5032,2006-07-10,2026-07-10,4759,4386,2514,2609,96.4,2514,289,True
NFLX,5032,2006-07-10,2026-07-10,4759,4383,2514,2609,96.4,2514,236,True
NFX,3175,2006-07-10,2026-07-09,2902,2577,784,815,96.2,784,164,True
NI,5032,2006-07-10,2026-07-10,4759,4375,2514,2609,96.4,2514,303,True
NKE,5032,2006-07-10,2026-07-10,4759,4397,2514,2609,96.4,2514,269,True
NKTR,5030,2006-07-10,2026-07-10,4757,4379,389,403,96.5,389,244,True
NLOK,758,2019-11-05,2022-11-07,485,234,758,785,96.6,485,25,True
NLSN,2948,2011-01-26,2022-10-11,2675,2308,1706,1768,96.5,1706,155,True
NOC,5032,2006-07-10,2026-07-10,4759,4388,2514,2609,96.4,2514,277,True
NOV,5032,2006-07-10,2026-07-10,4759,4411,1438,1491,96.4,1438,288,True
NOW,4039,2006-07-10,2026-07-10,3766,3377,1535,1595,96.2,1535,215,True
NRG,5032,2006-07-10,2026-07-10,4759,4386,2514,2609,96.4,2514,263,True
NSC,5032,2006-07-10,2026-07-10,4759,4392,2514,2609,96.4,2514,271,True
NTAP,5032,2006-07-10,2026-07-10,4759,4392,2514,2609,96.4,2514,250,True
NTRS,5032,2006-07-10,2026-07-10,4759,4394,2514,2609,96.4,2514,294,True
NUE,5032,2006-07-10,2026-07-10,4759,4386,2514,2609,96.4,2514,256,True
NVDA,5032,2006-07-10,2026-07-10,4759,4369,2514,2609,96.4,2514,251,True
NVR,5032,2006-07-10,2026-07-10,4759,4384,1575,1635,96.3,1575,309,True
NWL,5032,2006-07-10,2026-07-10,4759,4393,1939,2011,96.4,1939,274,True
NWS,5032,2006-07-10,2026-07-10,4759,4390,2514,2609,96.4,2514,277,True
NWSA,4409,2008-12-29,2026-07-10,4136,3761,2514,2609,96.4,2514,244,True
NXPI,4005,2010-08-06,2026-07-10,3732,3355,1202,1248,96.3,1202,237,True
O,5032,2006-07-10,2026-07-10,4759,4386,2514,2609,96.4,2514,269,True
ODFL,5032,2006-07-10,2026-07-10,4759,4394,1524,1583,96.3,1524,278,True
OGN,1400,2006-07-11,2026-07-10,1127,780,597,618,96.6,444,67,True
OI,5032,2006-07-10,2026-07-10,4759,4382,232,240,96.7,232,294,True
OKE,5032,2006-07-10,2026-07-10,4759,4396,2514,2609,96.4,2514,275,True
OMC,5032,2006-07-10,2026-07-10,4759,4390,2514,2609,96.4,2514,296,True
ON,2833,2015-04-06,2026-07-10,2560,2180,887,922,96.2,887,146,True
ORCL,5032,2006-07-10,2026-07-10,4759,4390,2514,2609,96.4,2514,260,True
ORLY,5032,2006-07-10,2026-07-10,4759,4393,2514,2609,96.4,2514,290,True
OTIS,1574,2020-04-03,2026-07-10,1301,962,1444,1499,96.3,1171,76,True
OXY,5032,2006-07-10,2026-07-10,4759,4391,2514,2609,96.4,2514,283,True
PANW,3512,2012-07-20,2026-07-10,3239,2854,637,662,96.2,637,155,True
PARA,869,2022-02-17,2025-08-06,596,360,869,906,95.9,596,41,True
PAYC,3077,2014-04-15,2026-07-10,2804,2426,1491,1547,96.4,1491,144,True
PAYX,5032,2006-07-10,2026-07-10,4759,4387,2514,2609,96.4,2514,282,True
PBCT,3942,2006-07-10,2022-04-01,3669,3270,1574,1631,96.5,1574,240,True
PBI,5032,2006-07-10,2026-07-10,4759,4385,291,303,96.0,291,271,True
PCAR,5032,2006-07-10,2026-07-10,4759,4384,2514,2609,96.4,2514,296,True
PCG,5032,2006-07-10,2026-07-10,4759,4385,1581,1643,96.2,1581,285,True
PCL,2591,2006-07-10,2026-07-09,2318,1959,33,36,91.7,33,146,True
PCP,2407,2006-07-10,2016-01-29,2134,1765,19,21,90.5,19,139,True
PDCO,4724,2006-07-10,2025-04-16,4451,4081,555,576,96.4,555,256,True
PEAK,1552,2006-07-11,2024-03-01,1279,902,1087,1129,96.3,1087,64,True
PEG,5032,2006-07-10,2026-07-10,4759,4393,2514,2609,96.4,2514,325,True
PENN,5032,2006-07-10,2026-07-10,4759,4390,377,390,96.7,377,256,True
PEP,5032,2006-07-10,2026-07-10,4759,4390,2514,2609,96.4,2514,273,True
PFE,5032,2006-07-10,2026-07-10,4759,4379,2514,2609,96.4,2514,286,True
PFG,5032,2006-07-10,2026-07-10,4759,4396,2514,2609,96.4,2514,303,True
PG,5032,2006-07-10,2026-07-10,4759,4389,2514,2609,96.4,2514,273,True
PGR,5032,2006-07-10,2026-07-10,4759,4394,2514,2609,96.4,2514,284,True
PH,5032,2006-07-10,2026-07-10,4759,4377,2514,2609,96.4,2514,267,True
PHM,5032,2006-07-10,2026-07-10,4759,4372,2514,2609,96.4,2514,290,True
PKG,5032,2006-07-10,2026-07-10,4759,4383,2121,2201,96.4,2121,264,True
PKI,5032,2006-07-10,2026-07-10,4759,4391,1854,1922,96.5,1854,279,True
PLD,5032,2006-07-10,2026-07-10,4759,4390,2514,2609,96.4,2514,281,True
PLTR,1450,2020-09-30,2026-07-10,1177,857,320,333,96.1,320,58,True
PM,4599,2008-03-31,2026-07-10,4326,3938,2514,2609,96.4,2514,234,True
PNC,5032,2006-07-10,2026-07-10,4759,4383,2514,2609,96.4,2514,289,True
PNR,5032,2006-07-10,2026-07-10,4759,4385,2514,2609,96.4,2514,293,True
PNW,5032,2006-07-10,2026-07-10,4759,4390,2514,2609,96.4,2514,287,True
PODD,4819,2007-05-15,2026-07-10,4546,4162,703,731,96.2,703,254,True
POM,2633,2006-07-10,2026-07-10,2360,1994,56,59,94.9,56,157,True
POOL,5032,2006-07-10,2026-07-10,4759,4385,1315,1366,96.3,1315,297,True
PPG,5032,2006-07-10,2026-07-10,4759,4390,2514,2609,96.4,2514,279,True
PPL,5032,2006-07-10,2026-07-10,4759,4390,2514,2609,96.4,2514,292,True
PRGO,5032,2006-07-10,2026-07-10,4759,4378,1438,1491,96.4,1438,304,True
PRU,5032,2006-07-10,2026-07-10,4759,4406,2514,2609,96.4,2514,296,True
PSA,5032,2006-07-10,2026-07-10,4759,4389,2514,2609,96.4,2514,280,True
PSKY,232,2025-08-07,2026-07-10,0,0,101,104,97.1,0,0,True
PSX,3568,2012-05-01,2026-07-10,3295,2925,2514,2609,96.4,2514,177,True
PTC,4295,2006-07-10,2026-07-10,4022,3646,1182,1227,96.3,1182,205,True
PVH,5032,2006-07-10,2026-07-10,4759,4392,1689,1751,96.5,1689,277,True
PWR,5032,2006-07-10,2026-07-10,4759,4383,2514,2609,96.4,2514,281,True
PX,4181,2006-07-10,2026-02-10,3908,3538,713,738,96.6,713,245,True
PXD,4485,2006-07-10,2024-05-02,4212,3854,2097,2178,96.3,2097,261,True
PYPL,2760,2015-07-20,2026-07-10,2487,2121,2514,2609,96.4,2357,131,True
Q,2503,2006-07-10,2026-07-10,2230,1875,41,43,95.3,41,141,True
QCOM,5032,2006-07-10,2026-07-10,4759,4372,2514,2609,96.4,2514,279,True
QRVO,2896,2015-01-02,2026-07-10,2623,2259,2258,2341,96.5,2237,164,True
R,5032,2006-07-10,2026-07-10,4759,4378,367,381,96.3,367,274,True
RAI,2780,2006-07-10,2017-07-24,2507,2138,392,407,96.3,392,147,True
RCL,5032,2006-07-10,2026-07-10,4759,4392,2514,2609,96.4,2514,266,True
RE,5032,2006-07-10,2026-07-10,4759,4392,1523,1580,96.4,1523,299,True
REG,5032,2006-07-10,2026-07-10,4759,4391,2222,2305,96.4,2222,302,True
REGN,5031,2006-07-10,2026-07-10,4758,4384,2514,2609,96.4,2514,271,True
RF,5032,2006-07-10,2026-07-10,4759,4406,2514,2609,96.4,2514,264,True
RHI,5032,2006-07-10,2026-07-10,4759,4384,2131,2211,96.4,2131,287,True
RHT,3162,2006-12-12,2019-07-08,2889,2499,883,921,95.9,883,149,True
RIG,5032,2006-07-10,2026-07-10,4759,4406,393,408,96.3,393,264,True
RJF,5032,2006-07-10,2026-07-10,4759,4394,2210,2293,96.4,2210,278,True
RL,5032,2006-07-10,2026-07-10,4759,4395,2514,2609,96.4,2514,270,True
RMD,5032,2006-07-10,2026-07-10,4759,4390,2121,2201,96.4,2121,264,True
ROK,5032,2006-07-10,2026-07-10,4759,4395,2514,2609,96.4,2514,310,True
ROL,5032,2006-07-10,2026-07-10,4759,4390,1823,1893,96.3,1823,243,True
ROP,5032,2006-07-10,2026-07-10,4759,4378,2514,2609,96.4,2514,288,True
ROST,5032,2006-07-10,2026-07-10,4759,4384,2514,2609,96.4,2514,269,True
RRC,5032,2006-07-10,2026-07-10,4759,4387,618,641,96.4,618,292,True
RSG,5032,2006-07-10,2026-07-10,4759,4393,2514,2609,96.4,2514,269,True
RTN,3458,2006-07-10,2020-04-02,3185,2811,1070,1111,96.3,1070,192,True
RTX,1848,2007-08-08,2026-07-10,1575,1226,1444,1499,96.3,1444,81,True
RVTY,790,2023-05-16,2026-07-10,517,236,660,687,96.1,387,27,True
SBAC,5032,2006-07-10,2026-07-10,4759,4389,2094,2174,96.3,2094,271,True
SBNY,4998,2006-07-10,2026-07-10,4725,4355,307,322,95.3,307,291,True
SBUX,5032,2006-07-10,2026-07-10,4759,4390,2514,2609,96.4,2514,290,True
SCG,3142,2006-07-10,2018-12-31,2869,2500,754,783,96.3,754,185,True
SCHW,5032,2006-07-10,2026-07-10,4759,4389,2514,2609,96.4,2514,279,True
SE,4745,2007-01-03,2026-07-10,4472,4104,289,301,96.0,289,263,True
SEDG,2839,2015-03-26,2026-07-10,2566,2200,459,477,96.2,459,149,True
SEE,4968,2006-07-10,2026-04-08,4695,4315,1961,2033,96.5,1961,254,True
SHW,5032,2006-07-10,2026-07-10,4759,4389,2514,2609,96.4,2514,260,True
SIG,5032,2006-07-10,2026-07-10,4759,4378,555,576,96.4,555,276,True
SIVB,4196,2006-07-10,2023-03-09,3923,3551,1253,1302,96.2,1253,220,True
SJM,5032,2006-07-10,2026-07-10,4759,4379,2514,2609,96.4,2514,288,True
SLB,5032,2006-07-10,2026-07-10,4759,4375,2514,2609,96.4,2514,262,True
SLG,5032,2006-07-10,2026-07-10,4759,4407,1312,1361,96.4,1312,290,True
SMCI,4502,2007-03-29,2026-07-10,4229,3851,450,468,96.2,450,245,True
SNA,5032,2006-07-10,2026-07-10,4759,4375,2514,2609,96.4,2514,262,True
SNDK,2824,2006-07-10,2026-07-10,2551,2196,113,118,95.8,113,122,True
SNI,2437,2008-07-01,2018-03-06,2164,1782,547,568,96.3,547,117,True
SNPS,5032,2006-07-10,2026-07-10,4759,4378,2212,2295,96.4,2212,281,True
SO,5032,2006-07-10,2026-07-10,4759,4367,2514,2609,96.4,2514,306,True
SOLS,516,2021-12-31,2026-07-10,59,0,36,37,97.3,0,3,True
SOLV,571,2024-04-01,2026-07-10,298,88,439,456,96.3,168,20,True
SPG,5032,2006-07-10,2026-07-10,4759,4394,2514,2609,96.4,2514,290,True
SPGI,2564,2016-04-28,2026-07-10,2291,1932,2434,2609,93.3,2161,119,True
SPLS,2935,2006-07-10,2026-07-10,2662,2304,427,443,96.4,427,172,True
SRCL,4612,2006-07-10,2024-11-01,4339,3969,735,761,96.6,735,267,True
SRE,5032,2006-07-10,2026-07-10,4759,4390,2514,2609,96.4,2514,313,True
STE,5032,2006-07-10,2026-07-10,4759,4381,1514,1573,96.2,1514,289,True
STI,3987,2006-07-10,2026-07-10,3714,3355,990,1026,96.5,990,226,True
STJ,2642,2006-07-10,2017-01-04,2369,2019,254,264,96.2,254,146,True
STLD,5032,2006-07-10,2026-07-10,4759,4387,758,790,95.9,758,255,True
STT,5032,2006-07-10,2026-07-10,4759,4367,2514,2609,96.4,2514,307,True
STX,5032,2006-07-10,2026-07-10,4759,4385,2514,2609,96.4,2514,243,True
STZ,5032,2006-07-10,2026-07-10,4759,4383,2514,2609,96.4,2514,283,True
SW,504,2024-07-08,2026-07-10,231,28,374,388,96.4,101,11,True
SWK,5032,2006-07-10,2026-07-10,4759,4394,2514,2609,96.4,2514,269,True
SWKS,5032,2006-07-10,2026-07-10,4759,4385,2514,2609,96.4,2514,279,True
SWN,4588,2006-07-10,2024-09-30,4315,3939,315,327,96.3,315,262,True
SYF,3003,2014-07-31,2026-07-10,2730,2380,2514,2609,96.4,2514,151,True
SYK,5032,2006-07-10,2026-07-10,4759,4384,2514,2609,96.4,2514,290,True
SYMC,3355,2006-07-10,2019-11-04,3082,2719,967,1002,96.5,967,164,True
SYY,5032,2006-07-10,2026-07-10,4759,4385,2514,2609,96.4,2514,266,True
T,5032,2006-07-10,2026-07-10,4759,4393,2514,2609,96.4,2514,259,True
TAP,5032,2006-07-10,2026-07-10,4759,4388,2514,2609,96.4,2514,276,True
TDC,4723,2007-10-01,2026-07-10,4450,4083,367,381,96.3,367,264,True
TDG,5032,2006-07-10,2026-07-10,4759,4391,2409,2499,96.4,2409,274,True
TDY,5032,2006-07-10,2026-07-10,4759,4385,1390,1443,96.3,1390,292,True
TE,2854,2006-07-10,2026-07-10,2581,2201,125,130,96.2,125,166,True
TECH,5032,2006-07-10,2026-07-10,4759,4358,1090,1133,96.2,1090,276,True
TEL,4786,2007-07-02,2026-07-10,4513,4125,2514,2609,96.4,2514,254,True
TER,5032,2006-07-10,2026-07-10,4759,4398,1327,1378,96.3,1327,252,True
TFC,2969,2006-07-10,2026-07-10,2696,2352,1524,1583,96.3,1524,163,True
TFX,5032,2006-07-10,2026-07-10,4759,4373,1552,1611,96.3,1552,260,True
TGNA,2697,2015-06-29,2026-03-19,2424,2058,356,370,96.2,213,148,True
TGT,5032,2006-07-10,2026-07-10,4759,4393,2514,2609,96.4,2514,280,True
THC,5032,2006-07-10,2026-07-10,4759,4389,72,76,94.7,72,258,True
TIF,3650,2006-07-10,2021-01-06,3377,3012,1262,1309,96.4,1262,177,True
TJX,5032,2006-07-10,2026-07-10,4759,4385,2514,2609,96.4,2514,309,True
TKO,1554,2006-07-10,2026-07-10,1281,929,196,203,96.6,196,58,True
TMK,5032,2006-07-10,2026-07-10,4759,4392,905,939,96.4,905,293,True
TMO,5032,2006-07-10,2026-07-10,4759,4385,2514,2609,96.4,2514,273,True
TMUS,3318,2013-05-01,2026-07-10,3045,2663,1627,1688,96.4,1627,179,True
TPL,5029,2006-07-11,2026-07-10,4756,4377,274,287,95.5,274,269,True
TPR,5032,2006-07-10,2026-07-10,4759,4393,2514,2609,96.4,2514,282,True
TRGP,3920,2010-12-07,2026-07-10,3647,3274,808,841,96.1,808,210,True
TRIP,3657,2011-12-21,2026-07-10,3384,3003,1000,1036,96.5,1000,194,True
TRMB,5032,2006-07-10,2026-07-10,4759,4391,1243,1290,96.4,1243,279,True
TROW,5032,2006-07-10,2026-07-10,4759,4391,2514,2609,96.4,2514,286,True
TRV,4873,2007-02-27,2026-07-10,4600,4229,2514,2609,96.4,2514,295,True
TSCO,5032,2006-07-10,2026-07-10,4759,4380,2514,2609,96.4,2514,261,True
TSLA,4032,2010-06-29,2026-07-10,3759,3369,1263,1313,96.2,1263,203,True
TSN,5032,2006-07-10,2026-07-10,4759,4368,2514,2609,96.4,2514,292,True
TSS,3321,2006-07-10,2019-09-17,3048,2678,933,971,96.1,933,177,True
TT,1729,2007-11-28,2026-07-10,1456,1115,1467,1522,96.4,1326,77,True
TTD,2463,2016-09-21,2026-07-10,2190,1808,116,119,97.5,116,105,True
TTWO,5032,2006-07-10,2026-07-10,4759,4395,1959,2033,96.4,1959,274,True
TWC,2321,2007-03-01,2016-05-17,2048,1707,94,98,95.9,94,113,True
TWTR,2498,2006-07-10,2022-10-27,2225,1842,1107,1148,96.4,1107,105,True
TWX,3005,2006-07-10,2018-06-14,2732,2378,617,640,96.4,617,160,True
TXN,5032,2006-07-10,2026-07-10,4759,4386,2514,2609,96.4,2514,313,True
TXT,5032,2006-07-10,2026-07-10,4759,4367,2514,2609,96.4,2514,302,True
TYL,5032,2006-07-10,2026-07-10,4759,4382,1390,1443,96.3,1390,293,True
UA,4919,2006-12-18,2026-07-10,4646,4266,1561,1617,96.5,1561,250,True
UAA,4919,2006-12-18,2026-07-10,4646,4262,1627,1687,96.4,1627,246,True
UAL,3966,2010-10-01,2026-07-10,3693,3313,2514,2609,96.4,2514,209,True
UBER,1801,2019-05-10,2026-07-10,1528,1214,553,576,96.0,553,87,True
UDR,5032,2006-07-10,2026-07-10,4759,4394,2471,2563,96.4,2471,306,True
UHS,5032,2006-07-10,2026-07-10,4759,4382,2514,2609,96.4,2514,267,True
ULTA,4705,2007-10-25,2026-07-10,4432,4054,2442,2533,96.4,2442,249,True
UNH,5032,2006-07-10,2026-07-10,4759,4391,2514,2609,96.4,2514,249,True
UNM,5032,2006-07-10,2026-07-10,4759,4384,1438,1491,96.4,1438,266,True
UNP,5032,2006-07-10,2026-07-10,4759,4377,2514,2609,96.4,2514,279,True
UPS,5032,2006-07-10,2026-07-10,4759,4388,2514,2609,96.4,2514,297,True
URBN,5032,2006-07-10,2026-07-10,4759,4390,304,316,96.2,304,307,True
URI,5032,2006-07-10,2026-07-10,4759,4393,2514,2609,96.4,2514,261,True
USB,5032,2006-07-10,2026-07-10,4759,4386,2514,2609,96.4,2514,297,True
UTX,5032,2006-07-10,2026-07-10,4759,4370,1070,1110,96.4,1070,253,True
V,4625,2006-07-10,2026-07-10,4352,3982,2514,2609,96.4,2514,260,True
VAR,3717,2006-07-10,2021-04-14,3444,3060,1329,1382,96.2,1329,207,True
VFC,5032,2006-07-10,2026-07-10,4759,4387,2075,2153,96.4,2075,283,True
VIAB,2015,2011-12-01,2019-12-04,1742,1414,988,1024,96.5,988,103,True
VIAC,897,2006-07-10,2022-02-16,624,383,555,575,96.5,555,29,True
VICI,2120,2018-02-01,2026-07-10,1847,1522,895,931,96.1,895,114,True
VLO,5032,2006-07-10,2026-07-10,4759,4390,2514,2609,96.4,2514,270,True
VLTO,695,2023-10-02,2026-07-10,422,169,565,588,96.1,292,29,True
VMC,5032,2006-07-10,2026-07-10,4759,4395,2514,2609,96.4,2514,273,True
VNO,5032,2006-07-10,2026-07-10,4759,4416,1763,1828,96.4,1763,276,True
VNT,1652,2006-07-10,2026-07-10,1379,1034,110,115,95.7,47,81,True
VRSK,4214,2009-10-07,2026-07-10,3941,3559,2514,2609,96.4,2514,203,True
VRSN,5032,2006-07-10,2026-07-10,4759,4383,2514,2609,96.4,2514,285,True
VRTX,5030,2006-07-10,2026-07-10,4757,4386,2514,2609,96.4,2514,299,True
VST,2304,2017-05-10,2026-07-10,2031,1653,414,431,96.1,414,119,True
VTR,5032,2006-07-10,2026-07-10,4759,4382,2514,2609,96.4,2514,292,True
VTRS,1416,2020-11-17,2026-07-10,1143,825,1286,1337,96.2,1013,61,True
VZ,5032,2006-07-10,2026-07-10,4759,4396,2514,2609,96.4,2514,269,True
WAB,5032,2006-07-10,2026-07-10,4759,4379,1722,1786,96.4,1722,261,True
WAT,5032,2006-07-10,2026-07-10,4759,4391,2514,2609,96.4,2514,288,True
WBA,2680,2014-12-31,2025-08-27,2407,2068,2427,2519,96.3,2407,139,True
WBD,2297,2006-07-10,2026-07-10,2024,1675,935,973,96.1,935,130,True
WCG,3409,2006-07-10,2020-01-23,3136,2739,340,356,95.5,340,177,True
WDAY,3453,2012-10-12,2026-07-10,3180,2797,256,268,95.5,256,186,True
WDC,5032,2006-07-10,2026-07-10,4759,4379,2514,2609,96.4,2514,269,True
WEC,5032,2006-07-10,2026-07-10,4759,4389,2514,2609,96.4,2514,263,True
WELL,5032,2006-07-10,2026-07-10,4759,4385,2514,2609,96.4,2514,276,True
WFC,5032,2006-07-10,2026-07-10,4759,4393,2514,2609,96.4,2514,295,True
WFM,1588,2011-05-06,2017-08-25,1315,977,416,431,96.5,416,77,True
WHR,5032,2006-07-10,2026-07-10,4759,4391,2064,2141,96.4,2064,280,True
WLTW,5032,2006-07-10,2026-07-10,4759,4377,1515,1569,96.6,1515,285,True
WM,4818,2006-07-10,2026-07-10,4545,4162,2514,2609,96.4,2514,252,True
WMB,5032,2006-07-10,2026-07-10,4759,4396,2514,2609,96.4,2514,276,True
WMT,5032,2006-07-10,2026-07-10,4759,4390,2514,2609,96.4,2514,289,True
WRB,4588,2008-04-15,2026-07-10,4315,3939,1526,1585,96.3,1526,272,True
WRK,2267,2015-07-02,2024-07-05,1994,1664,2140,2221,96.4,1994,127,True
WSM,5032,2006-07-10,2026-07-10,4759,4385,196,203,96.6,196,280,True
WST,5032,2006-07-10,2026-07-10,4759,4382,1410,1464,96.3,1410,303,True
WTW,4345,2006-07-10,2026-07-10,4072,3688,998,1038,96.1,998,230,True
WU,4973,2006-10-02,2026-07-10,4700,4334,1502,1556,96.5,1502,300,True
WY,5032,2006-07-10,2026-07-10,4759,4414,2514,2609,96.4,2514,276,True
WYND,5032,2006-07-10,2026-07-10,4759,4393,606,629,96.3,606,298,True
WYNN,5032,2006-07-10,2026-07-10,4759,4387,2514,2609,96.4,2514,240,True
XEC,3835,2006-07-10,2021-09-30,3562,3194,1047,1087,96.3,1047,195,True
XEL,5032,2006-07-10,2026-07-10,4759,4377,2514,2609,96.4,2514,295,True
XL,3543,2006-07-10,2022-11-11,3270,2903,678,703,96.4,678,195,True
XLNX,3928,2006-07-10,2022-02-11,3655,3280,1540,1597,96.4,1540,225,True
XOM,5032,2006-07-10,2026-07-10,4759,4394,2514,2609,96.4,2514,302,True
XRAY,5032,2006-07-10,2026-07-10,4759,4387,2075,2153,96.4,2075,277,True
XRX,5032,2006-07-10,2026-07-10,4759,4376,1312,1361,96.4,1312,310,True
XYL,3692,2011-11-01,2026-07-10,3419,3048,2514,2609,96.4,2514,183,True
XYZ,370,2010-03-18,2026-07-10,97,0,113,116,97.4,0,5,True
YUM,5032,2006-07-10,2026-07-10,4759,4385,2514,2609,96.4,2514,296,True
ZBH,2774,2015-06-29,2026-07-10,2501,2171,2514,2609,96.4,2371,147,True
ZBRA,5032,2006-07-10,2026-07-10,4759,4389,1514,1573,96.2,1514,262,True
ZION,5032,2006-07-10,2026-07-10,4759,4400,2064,2141,96.4,2064,281,True
ZTS,3379,2013-02-01,2026-07-10,3106,2740,2514,2609,96.4,2514,182,True
